-- ===================================================
-- Description: SQL Script for inserting the default values
-- Author:	    Balazs Epresi
-- Create date: 14.08.2016
-- ===================================================

--BenchmarkingGruppenConfiguration: ADD_BENCHGRCFG_MSG
INSERT INTO ADD_BENCHGRCFG_MSG(BGC_ID, BGC_CREATEDAT_VL,BGC_UPDATEDAT_VL,BGC_EIGENSCHAFT_VL,BGC_GRENZWERT_NR) VALUES('BCCAFF0F-54C6-6E01-E053-0A865E36B113',GETDATE(),GETDATE(),'SteuerertragGroesseGrenze',	'400.00000')
INSERT INTO ADD_BENCHGRCFG_MSG(BGC_ID, BGC_CREATEDAT_VL,BGC_UPDATEDAT_VL,BGC_EIGENSCHAFT_VL,BGC_GRENZWERT_NR) VALUES('BCCAFF0F-55C6-6E01-E053-0A865E36B113',GETDATE(),GETDATE(),'SteuerertragGroesseGrenze',	'800.00000')
INSERT INTO ADD_BENCHGRCFG_MSG(BGC_ID, BGC_CREATEDAT_VL,BGC_UPDATEDAT_VL,BGC_EIGENSCHAFT_VL,BGC_GRENZWERT_NR) VALUES('BCCAFF0F-56C6-6E01-E053-0A865E36B113',GETDATE(),GETDATE(),'SteuerertragGroesseGrenze',	'1200.00000')
INSERT INTO ADD_BENCHGRCFG_MSG(BGC_ID, BGC_CREATEDAT_VL,BGC_UPDATEDAT_VL,BGC_EIGENSCHAFT_VL,BGC_GRENZWERT_NR) VALUES('3FB3A7DE-9500-4115-BCBA-1F0421692BA4',GETDATE(),GETDATE(),'EinwohnerGroesseGrenze',	'10000.00000')
INSERT INTO ADD_BENCHGRCFG_MSG(BGC_ID, BGC_CREATEDAT_VL,BGC_UPDATEDAT_VL,BGC_EIGENSCHAFT_VL,BGC_GRENZWERT_NR) VALUES('948D17D2-1702-4543-B9DC-2CFAF5C663C5',GETDATE(),GETDATE(),'NetzGroesseGrenze',	'150.00000')
INSERT INTO ADD_BENCHGRCFG_MSG(BGC_ID, BGC_CREATEDAT_VL,BGC_UPDATEDAT_VL,BGC_EIGENSCHAFT_VL,BGC_GRENZWERT_NR) VALUES('61B40A25-843A-4050-B4A2-383F5F0A0DBF',GETDATE(),GETDATE(),'EinwohnerGroesseGrenze',	'5000.00000')
INSERT INTO ADD_BENCHGRCFG_MSG(BGC_ID, BGC_CREATEDAT_VL,BGC_UPDATEDAT_VL,BGC_EIGENSCHAFT_VL,BGC_GRENZWERT_NR) VALUES('1F9EFDFD-0851-4C2D-A481-3F7502E0D789',GETDATE(),GETDATE(),'NetzGroesseGrenze',	'75.00000')
INSERT INTO ADD_BENCHGRCFG_MSG(BGC_ID, BGC_CREATEDAT_VL,BGC_UPDATEDAT_VL,BGC_EIGENSCHAFT_VL,BGC_GRENZWERT_NR) VALUES('3135D9F7-9900-4776-83CC-812F30F926D2',GETDATE(),GETDATE(),'MittlereHoehenlageSiedlungsgebieteGroesseGrenze',	'800.00000')
INSERT INTO ADD_BENCHGRCFG_MSG(BGC_ID, BGC_CREATEDAT_VL,BGC_UPDATEDAT_VL,BGC_EIGENSCHAFT_VL,BGC_GRENZWERT_NR) VALUES('71C88D19-1937-4480-94C5-882255ED0A28',GETDATE(),GETDATE(),'MittlereHoehenlageSiedlungsgebieteGroesseGrenze',	'500.00000')
INSERT INTO ADD_BENCHGRCFG_MSG(BGC_ID, BGC_CREATEDAT_VL,BGC_UPDATEDAT_VL,BGC_EIGENSCHAFT_VL,BGC_GRENZWERT_NR) VALUES('B8D9732B-80FB-47CE-B786-B25F00517081',GETDATE(),GETDATE(),'NetzGroesseGrenze',	'100.00000')
INSERT INTO ADD_BENCHGRCFG_MSG(BGC_ID, BGC_CREATEDAT_VL,BGC_UPDATEDAT_VL,BGC_EIGENSCHAFT_VL,BGC_GRENZWERT_NR) VALUES('B29DE818-E2EB-444D-9B63-B2E7472F9917',GETDATE(),GETDATE(),'NetzGroesseGrenze',	'50.00000')
INSERT INTO ADD_BENCHGRCFG_MSG(BGC_ID, BGC_CREATEDAT_VL,BGC_UPDATEDAT_VL,BGC_EIGENSCHAFT_VL,BGC_GRENZWERT_NR) VALUES('FE584A54-5361-46CA-9E81-B4F981A5848A',GETDATE(),GETDATE(),'EinwohnerGroesseGrenze',	'1000.00000')
INSERT INTO ADD_BENCHGRCFG_MSG(BGC_ID, BGC_CREATEDAT_VL,BGC_UPDATEDAT_VL,BGC_EIGENSCHAFT_VL,BGC_GRENZWERT_NR) VALUES('0B5FF486-31B7-40D7-85D3-C0A1EC8C9E00',GETDATE(),GETDATE(),'EinwohnerGroesseGrenze',	'3000.00000')
INSERT INTO ADD_BENCHGRCFG_MSG(BGC_ID, BGC_CREATEDAT_VL,BGC_UPDATEDAT_VL,BGC_EIGENSCHAFT_VL,BGC_GRENZWERT_NR) VALUES('D15C9963-D788-466A-B98C-F500CE8E3429',GETDATE(),GETDATE(),'EinwohnerGroesseGrenze',	'50000.00000')

--belastungskategorie
INSERT INTO VAT_BELKAT_MSG(BLK_ID,BLK_CREATEDAT_VL,BLK_UPDATEDAT_VL,BLK_TYP_VL,BLK_REIHENFOLGE_VL,BLK_DEFBRFB_VL,BLK_DEFBRTRR_VL,BLK_DEFBRTRL_VL,BLK_FARBCODE_VL) VALUES('514C5D7E-204D-4BF5-8F25-0BD35B928F1B',GETDATE(),GETDATE(),'IC','3','5.75000','1.50000','1.50000','#60ab57')
INSERT INTO VAT_BELKAT_MSG(BLK_ID,BLK_CREATEDAT_VL,BLK_UPDATEDAT_VL,BLK_TYP_VL,BLK_REIHENFOLGE_VL,BLK_DEFBRFB_VL,BLK_DEFBRTRR_VL,BLK_DEFBRTRL_VL,BLK_FARBCODE_VL) VALUES('C4400520-A2E0-4479-9814-2DCDB70E3BD1',GETDATE(),GETDATE(),'IV','6','14.00000','2.50000','2.50000','#194e95')
INSERT INTO VAT_BELKAT_MSG(BLK_ID,BLK_CREATEDAT_VL,BLK_UPDATEDAT_VL,BLK_TYP_VL,BLK_REIHENFOLGE_VL,BLK_DEFBRFB_VL,BLK_DEFBRTRR_VL,BLK_DEFBRTRL_VL,BLK_FARBCODE_VL) VALUES('E7FFD19B-E82E-4CFD-8275-42CE74F21C3B',GETDATE(),GETDATE(),'Chaussierung','8','2.50000',NULL,NULL,'#CDC0B0')
INSERT INTO VAT_BELKAT_MSG(BLK_ID,BLK_CREATEDAT_VL,BLK_UPDATEDAT_VL,BLK_TYP_VL,BLK_REIHENFOLGE_VL,BLK_DEFBRFB_VL,BLK_DEFBRTRR_VL,BLK_DEFBRTRL_VL,BLK_FARBCODE_VL) VALUES('FE685F5C-5380-46BE-A3A8-4AE0A711110B',GETDATE(),GETDATE(),'III','5','7.00000','2.50000','2.50000','#3882bb')
INSERT INTO VAT_BELKAT_MSG(BLK_ID,BLK_CREATEDAT_VL,BLK_UPDATEDAT_VL,BLK_TYP_VL,BLK_REIHENFOLGE_VL,BLK_DEFBRFB_VL,BLK_DEFBRTRR_VL,BLK_DEFBRTRL_VL,BLK_FARBCODE_VL) VALUES('CDAB134E-B963-4083-B639-72DE5B55542D',GETDATE(),GETDATE(),'Benutzerdefiniert3','11',NULL,NULL,NULL,'#8B7765')
INSERT INTO VAT_BELKAT_MSG(BLK_ID,BLK_CREATEDAT_VL,BLK_UPDATEDAT_VL,BLK_TYP_VL,BLK_REIHENFOLGE_VL,BLK_DEFBRFB_VL,BLK_DEFBRTRR_VL,BLK_DEFBRTRL_VL,BLK_FARBCODE_VL) VALUES('40143851-612E-4CAC-B828-92FCC01F05E0',GETDATE(),GETDATE(),'Benutzerdefiniert2','10',NULL,NULL,NULL,'#CDAF95')
INSERT INTO VAT_BELKAT_MSG(BLK_ID,BLK_CREATEDAT_VL,BLK_UPDATEDAT_VL,BLK_TYP_VL,BLK_REIHENFOLGE_VL,BLK_DEFBRFB_VL,BLK_DEFBRTRR_VL,BLK_DEFBRTRL_VL,BLK_FARBCODE_VL) VALUES('E73F807C-5986-4C41-9DC0-B077CCFF9423',GETDATE(),GETDATE(),'II','4','7.00000','2.00000','2.00000','#38aabb')
INSERT INTO VAT_BELKAT_MSG(BLK_ID,BLK_CREATEDAT_VL,BLK_UPDATEDAT_VL,BLK_TYP_VL,BLK_REIHENFOLGE_VL,BLK_DEFBRFB_VL,BLK_DEFBRTRR_VL,BLK_DEFBRTRL_VL,BLK_FARBCODE_VL) VALUES('178B3184-9D6D-4F41-ACC0-C0CDAAFEDD30',GETDATE(),GETDATE(),'IA','1','4.50000','1.50000','1.50000','#b7e9b1')
INSERT INTO VAT_BELKAT_MSG(BLK_ID,BLK_CREATEDAT_VL,BLK_UPDATEDAT_VL,BLK_TYP_VL,BLK_REIHENFOLGE_VL,BLK_DEFBRFB_VL,BLK_DEFBRTRR_VL,BLK_DEFBRTRL_VL,BLK_FARBCODE_VL) VALUES('1C04104F-59C4-4B77-8863-D0EBF4B89374',GETDATE(),GETDATE(),'IB','2','5.50000','1.50000','1.50000','#90d188')
INSERT INTO VAT_BELKAT_MSG(BLK_ID,BLK_CREATEDAT_VL,BLK_UPDATEDAT_VL,BLK_TYP_VL,BLK_REIHENFOLGE_VL,BLK_DEFBRFB_VL,BLK_DEFBRTRR_VL,BLK_DEFBRTRL_VL,BLK_FARBCODE_VL) VALUES('685AC75A-9906-4B48-9FA8-DCEAF6E9D0D6',GETDATE(),GETDATE(),'Pflaesterung','7','4.50000','1.50000','1.50000','#EEDFCC')
INSERT INTO VAT_BELKAT_MSG(BLK_ID,BLK_CREATEDAT_VL,BLK_UPDATEDAT_VL,BLK_TYP_VL,BLK_REIHENFOLGE_VL,BLK_DEFBRFB_VL,BLK_DEFBRTRR_VL,BLK_DEFBRTRL_VL,BLK_FARBCODE_VL) VALUES('062FAAA1-90BA-4A5E-845F-FDA9916BDB0A',GETDATE(),GETDATE(),'Benutzerdefiniert1','9',NULL,NULL,NULL,'#8B8378')

--ADD_ALBELI_MSG
INSERT INTO ADD_ALBELI_MSG (BET_BET_BLK_NOR_ID, BET_BTY_VL) VALUES( '178B3184-9D6D-4F41-ACC0-C0CDAAFEDD30','0')
INSERT INTO ADD_ALBELI_MSG (BET_BET_BLK_NOR_ID, BET_BTY_VL) VALUES( '178B3184-9D6D-4F41-ACC0-C0CDAAFEDD30','1')
INSERT INTO ADD_ALBELI_MSG (BET_BET_BLK_NOR_ID, BET_BTY_VL) VALUES( '178B3184-9D6D-4F41-ACC0-C0CDAAFEDD30','3')
INSERT INTO ADD_ALBELI_MSG (BET_BET_BLK_NOR_ID, BET_BTY_VL) VALUES( '1C04104F-59C4-4B77-8863-D0EBF4B89374','0')
INSERT INTO ADD_ALBELI_MSG (BET_BET_BLK_NOR_ID, BET_BTY_VL) VALUES( '1C04104F-59C4-4B77-8863-D0EBF4B89374','1')
INSERT INTO ADD_ALBELI_MSG (BET_BET_BLK_NOR_ID, BET_BTY_VL) VALUES( '1C04104F-59C4-4B77-8863-D0EBF4B89374','3')
INSERT INTO ADD_ALBELI_MSG (BET_BET_BLK_NOR_ID, BET_BTY_VL) VALUES( '514C5D7E-204D-4BF5-8F25-0BD35B928F1B','0')
INSERT INTO ADD_ALBELI_MSG (BET_BET_BLK_NOR_ID, BET_BTY_VL) VALUES( '514C5D7E-204D-4BF5-8F25-0BD35B928F1B','1')
INSERT INTO ADD_ALBELI_MSG (BET_BET_BLK_NOR_ID, BET_BTY_VL) VALUES( '514C5D7E-204D-4BF5-8F25-0BD35B928F1B','3')
INSERT INTO ADD_ALBELI_MSG (BET_BET_BLK_NOR_ID, BET_BTY_VL) VALUES( 'E73F807C-5986-4C41-9DC0-B077CCFF9423','0')
INSERT INTO ADD_ALBELI_MSG (BET_BET_BLK_NOR_ID, BET_BTY_VL) VALUES( 'E73F807C-5986-4C41-9DC0-B077CCFF9423','1')
INSERT INTO ADD_ALBELI_MSG (BET_BET_BLK_NOR_ID, BET_BTY_VL) VALUES( 'E73F807C-5986-4C41-9DC0-B077CCFF9423','3')
INSERT INTO ADD_ALBELI_MSG (BET_BET_BLK_NOR_ID, BET_BTY_VL) VALUES( 'FE685F5C-5380-46BE-A3A8-4AE0A711110B','0')
INSERT INTO ADD_ALBELI_MSG (BET_BET_BLK_NOR_ID, BET_BTY_VL) VALUES( 'FE685F5C-5380-46BE-A3A8-4AE0A711110B','1')
INSERT INTO ADD_ALBELI_MSG (BET_BET_BLK_NOR_ID, BET_BTY_VL) VALUES( 'FE685F5C-5380-46BE-A3A8-4AE0A711110B','3')
INSERT INTO ADD_ALBELI_MSG (BET_BET_BLK_NOR_ID, BET_BTY_VL) VALUES( 'C4400520-A2E0-4479-9814-2DCDB70E3BD1','0')
INSERT INTO ADD_ALBELI_MSG (BET_BET_BLK_NOR_ID, BET_BTY_VL) VALUES( 'C4400520-A2E0-4479-9814-2DCDB70E3BD1','1')
INSERT INTO ADD_ALBELI_MSG (BET_BET_BLK_NOR_ID, BET_BTY_VL) VALUES( 'C4400520-A2E0-4479-9814-2DCDB70E3BD1','3')
INSERT INTO ADD_ALBELI_MSG (BET_BET_BLK_NOR_ID, BET_BTY_VL) VALUES( '685AC75A-9906-4B48-9FA8-DCEAF6E9D0D6','2')
INSERT INTO ADD_ALBELI_MSG (BET_BET_BLK_NOR_ID, BET_BTY_VL) VALUES( 'E7FFD19B-E82E-4CFD-8275-42CE74F21C3B','3')
INSERT INTO ADD_ALBELI_MSG (BET_BET_BLK_NOR_ID, BET_BTY_VL) VALUES( '062FAAA1-90BA-4A5E-845F-FDA9916BDB0A','0')
INSERT INTO ADD_ALBELI_MSG (BET_BET_BLK_NOR_ID, BET_BTY_VL) VALUES( '062FAAA1-90BA-4A5E-845F-FDA9916BDB0A','1')
INSERT INTO ADD_ALBELI_MSG (BET_BET_BLK_NOR_ID, BET_BTY_VL) VALUES( '062FAAA1-90BA-4A5E-845F-FDA9916BDB0A','3')
INSERT INTO ADD_ALBELI_MSG (BET_BET_BLK_NOR_ID, BET_BTY_VL) VALUES( '062FAAA1-90BA-4A5E-845F-FDA9916BDB0A','2')
INSERT INTO ADD_ALBELI_MSG (BET_BET_BLK_NOR_ID, BET_BTY_VL) VALUES( '40143851-612E-4CAC-B828-92FCC01F05E0','0')
INSERT INTO ADD_ALBELI_MSG (BET_BET_BLK_NOR_ID, BET_BTY_VL) VALUES( '40143851-612E-4CAC-B828-92FCC01F05E0','1')
INSERT INTO ADD_ALBELI_MSG (BET_BET_BLK_NOR_ID, BET_BTY_VL) VALUES( '40143851-612E-4CAC-B828-92FCC01F05E0','3')
INSERT INTO ADD_ALBELI_MSG (BET_BET_BLK_NOR_ID, BET_BTY_VL) VALUES( '40143851-612E-4CAC-B828-92FCC01F05E0','2')
INSERT INTO ADD_ALBELI_MSG (BET_BET_BLK_NOR_ID, BET_BTY_VL) VALUES( 'CDAB134E-B963-4083-B639-72DE5B55542D','0')
INSERT INTO ADD_ALBELI_MSG (BET_BET_BLK_NOR_ID, BET_BTY_VL) VALUES( 'CDAB134E-B963-4083-B639-72DE5B55542D','1')
INSERT INTO ADD_ALBELI_MSG (BET_BET_BLK_NOR_ID, BET_BTY_VL) VALUES( 'CDAB134E-B963-4083-B639-72DE5B55542D','3')
INSERT INTO ADD_ALBELI_MSG (BET_BET_BLK_NOR_ID, BET_BTY_VL) VALUES( 'CDAB134E-B963-4083-B639-72DE5B55542D','2')

--OeffentlicheVerkehrsmittelKatalog
INSERT INTO VAT_OEFFVERKAT_MSG(OVG_ID,OVG_CREATEDAT_VL,OVG_UPDATEDAT_VL,OVG_TYP_VL) VALUES('E05E6CF4-87F5-44E7-ACBD-0271FA1E9D8B',GETDATE(),GETDATE(),'NichtVorhanden')
INSERT INTO VAT_OEFFVERKAT_MSG(OVG_ID,OVG_CREATEDAT_VL,OVG_UPDATEDAT_VL,OVG_TYP_VL) VALUES('6F23A412-B0CD-4B4D-9D83-34552F320B17',GETDATE(),GETDATE(),'Vorhanden')

--GemeindeKatalog
INSERT INTO VAT_GEMKAT_MSG(GEK_ID,GEK_CREATEDAT_VL,GEK_UPDATEDAT_VL,GEK_TYP_VL) VALUES('EBB5F0A4-15C1-4E69-899D-405B4C923592',GETDATE(),GETDATE(),'Touristisch')
INSERT INTO VAT_GEMKAT_MSG(GEK_ID,GEK_CREATEDAT_VL,GEK_UPDATEDAT_VL,GEK_TYP_VL) VALUES('DC8E5429-28C4-46EC-ADF9-68C800C0A5C3',GETDATE(),GETDATE(),'Laendliche')
INSERT INTO VAT_GEMKAT_MSG(GEK_ID,GEK_CREATEDAT_VL,GEK_UPDATEDAT_VL,GEK_TYP_VL) VALUES('DB5F3C28-72A8-4246-951C-6E46A550DF21',GETDATE(),GETDATE(),'Agrargemischte')
INSERT INTO VAT_GEMKAT_MSG(GEK_ID,GEK_CREATEDAT_VL,GEK_UPDATEDAT_VL,GEK_TYP_VL) VALUES('7F4884C8-094D-4F50-AAB0-76BEDD653803',GETDATE(),GETDATE(),'Periurbane')
INSERT INTO VAT_GEMKAT_MSG(GEK_ID,GEK_CREATEDAT_VL,GEK_UPDATEDAT_VL,GEK_TYP_VL) VALUES('22507369-B88C-43D8-ADFA-7E5F7000FEFA',GETDATE(),GETDATE(),'Suburbane')
INSERT INTO VAT_GEMKAT_MSG(GEK_ID,GEK_CREATEDAT_VL,GEK_UPDATEDAT_VL,GEK_TYP_VL) VALUES('43BDF3A0-37D7-44D5-B89E-90FBB5B5B3B2',GETDATE(),GETDATE(),'Agrarische')
INSERT INTO VAT_GEMKAT_MSG(GEK_ID,GEK_CREATEDAT_VL,GEK_UPDATEDAT_VL,GEK_TYP_VL) VALUES('5F4CB921-81A7-4E00-B2FF-95604345A54D',GETDATE(),GETDATE(),'Zentrum')
INSERT INTO VAT_GEMKAT_MSG(GEK_ID,GEK_CREATEDAT_VL,GEK_UPDATEDAT_VL,GEK_TYP_VL) VALUES('2F3A861C-E9E9-4FEC-987F-9F131BF3D9EB',GETDATE(),GETDATE(),'Industrielle')
INSERT INTO VAT_GEMKAT_MSG(GEK_ID,GEK_CREATEDAT_VL,GEK_UPDATEDAT_VL,GEK_TYP_VL) VALUES('495885AF-16B2-4834-9C9F-A61886495E55',GETDATE(),GETDATE(),'Einkommensstarke')

--MassnahmentypKatalog
INSERT INTO VAT_MASSTYP_MSG(MTK_ID,MTK_CREATEDAT_VL,MTK_UPDATEDAT_VL,MTK_TYP_VL,MTK_KATALOGTYP_VL,MTK_LEGENDNUMBE_VL) VALUES('2769202D-21D0-E000-E053-0A865E36C162',GETDATE(),GETDATE(),'Oberflaechenverbesserung','0','3')
INSERT INTO VAT_MASSTYP_MSG(MTK_ID,MTK_CREATEDAT_VL,MTK_UPDATEDAT_VL,MTK_TYP_VL,MTK_KATALOGTYP_VL,MTK_LEGENDNUMBE_VL) VALUES('2769202D-22D0-E000-E053-0A865E36C162',GETDATE(),GETDATE(),'Erneuerung FB','0','6')
INSERT INTO VAT_MASSTYP_MSG(MTK_ID,MTK_CREATEDAT_VL,MTK_UPDATEDAT_VL,MTK_TYP_VL,MTK_KATALOGTYP_VL,MTK_LEGENDNUMBE_VL) VALUES('2769202D-23D0-E000-E053-0A865E36C162',GETDATE(),GETDATE(),'Erneuerung','1','2')
INSERT INTO VAT_MASSTYP_MSG(MTK_ID,MTK_CREATEDAT_VL,MTK_UPDATEDAT_VL,MTK_TYP_VL,MTK_KATALOGTYP_VL,MTK_LEGENDNUMBE_VL) VALUES('2769202D-24D0-E000-E053-0A865E36C162',GETDATE(),GETDATE(),'ErneuerungOberbau','0','4')
INSERT INTO VAT_MASSTYP_MSG(MTK_ID,MTK_CREATEDAT_VL,MTK_UPDATEDAT_VL,MTK_TYP_VL,MTK_KATALOGTYP_VL,MTK_LEGENDNUMBE_VL) VALUES('2769202D-25D0-E000-E053-0A865E36C162',GETDATE(),GETDATE(),'Deckbelagserneuerung','0','1')
INSERT INTO VAT_MASSTYP_MSG(MTK_ID,MTK_CREATEDAT_VL,MTK_UPDATEDAT_VL,MTK_TYP_VL,MTK_KATALOGTYP_VL,MTK_LEGENDNUMBE_VL) VALUES('2769202D-26D0-E000-E053-0A865E36C162',GETDATE(),GETDATE(),'Belagserneuerung','0','5')
INSERT INTO VAT_MASSTYP_MSG(MTK_ID,MTK_CREATEDAT_VL,MTK_UPDATEDAT_VL,MTK_TYP_VL,MTK_KATALOGTYP_VL,MTK_LEGENDNUMBE_VL) VALUES('6881CE74-AC99-4FD5-9282-2B00086AC4F3',GETDATE(),GETDATE(),'sonstige','0','8')
INSERT INTO VAT_MASSTYP_MSG(MTK_ID,MTK_CREATEDAT_VL,MTK_UPDATEDAT_VL,MTK_TYP_VL,MTK_KATALOGTYP_VL,MTK_LEGENDNUMBE_VL) VALUES('C9B96389-998C-49D6-A5C5-4C3094252732',GETDATE(),GETDATE(),'Sonstige','1','7')

--GlobalMassnahmenvorschlagKatalog
INSERT INTO VAT_GMASSVOR_MSG (GMK_ID, GMK_CREATEDAT_VL, GMK_UPDATEDAT_VL, GMK_DEFKOSTEN_NR, GMK_GMK_BLK_NOR_ID, GMK_GMK_MTK_NOR_ID) VALUES( '7C986BA2-5A64-430B-9892-01FDFEB89359',GETDATE(),GETDATE(),'50.00000','E7FFD19B-E82E-4CFD-8275-42CE74F21C3B','2769202D-21D0-E000-E053-0A865E36C162')
INSERT INTO VAT_GMASSVOR_MSG (GMK_ID, GMK_CREATEDAT_VL, GMK_UPDATEDAT_VL, GMK_DEFKOSTEN_NR, GMK_GMK_BLK_NOR_ID, GMK_GMK_MTK_NOR_ID) VALUES( 'B7300B86-54A4-451F-9361-063CBDEECE32',GETDATE(),GETDATE(),'100.00000','C4400520-A2E0-4479-9814-2DCDB70E3BD1','2769202D-25D0-E000-E053-0A865E36C162')
INSERT INTO VAT_GMASSVOR_MSG (GMK_ID, GMK_CREATEDAT_VL, GMK_UPDATEDAT_VL, GMK_DEFKOSTEN_NR, GMK_GMK_BLK_NOR_ID, GMK_GMK_MTK_NOR_ID) VALUES( '46C86376-6536-45E8-82EF-07EF3D65B3D8',GETDATE(),GETDATE(),'0.00000','40143851-612E-4CAC-B828-92FCC01F05E0','6881CE74-AC99-4FD5-9282-2B00086AC4F3')
INSERT INTO VAT_GMASSVOR_MSG (GMK_ID, GMK_CREATEDAT_VL, GMK_UPDATEDAT_VL, GMK_DEFKOSTEN_NR, GMK_GMK_BLK_NOR_ID, GMK_GMK_MTK_NOR_ID) VALUES( '7239D614-2ECC-4C31-81B3-0845405F4BFE',GETDATE(),GETDATE(),'350.00000','E73F807C-5986-4C41-9DC0-B077CCFF9423','2769202D-22D0-E000-E053-0A865E36C162')
INSERT INTO VAT_GMASSVOR_MSG (GMK_ID, GMK_CREATEDAT_VL, GMK_UPDATEDAT_VL, GMK_DEFKOSTEN_NR, GMK_GMK_BLK_NOR_ID, GMK_GMK_MTK_NOR_ID) VALUES( '4C36817A-0843-4AD4-B141-0AE734B8AAD6',GETDATE(),GETDATE(),'0.00000','685AC75A-9906-4B48-9FA8-DCEAF6E9D0D6','C9B96389-998C-49D6-A5C5-4C3094252732')
INSERT INTO VAT_GMASSVOR_MSG (GMK_ID, GMK_CREATEDAT_VL, GMK_UPDATEDAT_VL, GMK_DEFKOSTEN_NR, GMK_GMK_BLK_NOR_ID, GMK_GMK_MTK_NOR_ID) VALUES( '06C1E19C-38C1-4393-836B-0CDECB1D5D77',GETDATE(),GETDATE(),'350.00000','40143851-612E-4CAC-B828-92FCC01F05E0','2769202D-22D0-E000-E053-0A865E36C162')
INSERT INTO VAT_GMASSVOR_MSG (GMK_ID, GMK_CREATEDAT_VL, GMK_UPDATEDAT_VL, GMK_DEFKOSTEN_NR, GMK_GMK_BLK_NOR_ID, GMK_GMK_MTK_NOR_ID) VALUES( '30C46A84-D7C8-46F6-BB9D-0EBCC3436E2A',GETDATE(),GETDATE(),'200.00000','1C04104F-59C4-4B77-8863-D0EBF4B89374','2769202D-26D0-E000-E053-0A865E36C162')
INSERT INTO VAT_GMASSVOR_MSG (GMK_ID, GMK_CREATEDAT_VL, GMK_UPDATEDAT_VL, GMK_DEFKOSTEN_NR, GMK_GMK_BLK_NOR_ID, GMK_GMK_MTK_NOR_ID) VALUES( '4B539479-E25B-4809-99D5-0F6DE18F2A22',GETDATE(),GETDATE(),'0.00000','685AC75A-9906-4B48-9FA8-DCEAF6E9D0D6','6881CE74-AC99-4FD5-9282-2B00086AC4F3')
INSERT INTO VAT_GMASSVOR_MSG (GMK_ID, GMK_CREATEDAT_VL, GMK_UPDATEDAT_VL, GMK_DEFKOSTEN_NR, GMK_GMK_BLK_NOR_ID, GMK_GMK_MTK_NOR_ID) VALUES( '660045DC-2D14-4E3E-8580-106972C9792B',GETDATE(),GETDATE(),'50.00000','514C5D7E-204D-4BF5-8F25-0BD35B928F1B','2769202D-21D0-E000-E053-0A865E36C162')
INSERT INTO VAT_GMASSVOR_MSG (GMK_ID, GMK_CREATEDAT_VL, GMK_UPDATEDAT_VL, GMK_DEFKOSTEN_NR, GMK_GMK_BLK_NOR_ID, GMK_GMK_MTK_NOR_ID) VALUES( '478233F8-3609-44E1-921E-10AE967C766F',GETDATE(),GETDATE(),'0.00000','E73F807C-5986-4C41-9DC0-B077CCFF9423','C9B96389-998C-49D6-A5C5-4C3094252732')
INSERT INTO VAT_GMASSVOR_MSG (GMK_ID, GMK_CREATEDAT_VL, GMK_UPDATEDAT_VL, GMK_DEFKOSTEN_NR, GMK_GMK_BLK_NOR_ID, GMK_GMK_MTK_NOR_ID) VALUES( 'E6808AB0-5199-4945-81DC-1B8CEE89D2A1',GETDATE(),GETDATE(),'300.00000','E7FFD19B-E82E-4CFD-8275-42CE74F21C3B','2769202D-24D0-E000-E053-0A865E36C162')
INSERT INTO VAT_GMASSVOR_MSG (GMK_ID, GMK_CREATEDAT_VL, GMK_UPDATEDAT_VL, GMK_DEFKOSTEN_NR, GMK_GMK_BLK_NOR_ID, GMK_GMK_MTK_NOR_ID) VALUES( 'CE03A84A-883B-40A0-B9D0-1EDBB32ABAEE',GETDATE(),GETDATE(),'125.00000','062FAAA1-90BA-4A5E-845F-FDA9916BDB0A','2769202D-23D0-E000-E053-0A865E36C162')
INSERT INTO VAT_GMASSVOR_MSG (GMK_ID, GMK_CREATEDAT_VL, GMK_UPDATEDAT_VL, GMK_DEFKOSTEN_NR, GMK_GMK_BLK_NOR_ID, GMK_GMK_MTK_NOR_ID) VALUES( 'BB672BAE-59EF-4017-B2F6-201280E08CD0',GETDATE(),GETDATE(),'0.00000','178B3184-9D6D-4F41-ACC0-C0CDAAFEDD30','C9B96389-998C-49D6-A5C5-4C3094252732')
INSERT INTO VAT_GMASSVOR_MSG (GMK_ID, GMK_CREATEDAT_VL, GMK_UPDATEDAT_VL, GMK_DEFKOSTEN_NR, GMK_GMK_BLK_NOR_ID, GMK_GMK_MTK_NOR_ID) VALUES( 'D3C6FC12-9747-4573-821F-205A2C4B0958',GETDATE(),GETDATE(),'125.00000','1C04104F-59C4-4B77-8863-D0EBF4B89374','2769202D-23D0-E000-E053-0A865E36C162')
INSERT INTO VAT_GMASSVOR_MSG (GMK_ID, GMK_CREATEDAT_VL, GMK_UPDATEDAT_VL, GMK_DEFKOSTEN_NR, GMK_GMK_BLK_NOR_ID, GMK_GMK_MTK_NOR_ID) VALUES( 'D52592DE-14AB-48F2-A90F-2676DB0A9C35',GETDATE(),GETDATE(),'0.00000','178B3184-9D6D-4F41-ACC0-C0CDAAFEDD30','6881CE74-AC99-4FD5-9282-2B00086AC4F3')
INSERT INTO VAT_GMASSVOR_MSG (GMK_ID, GMK_CREATEDAT_VL, GMK_UPDATEDAT_VL, GMK_DEFKOSTEN_NR, GMK_GMK_BLK_NOR_ID, GMK_GMK_MTK_NOR_ID) VALUES( '3430C332-571F-4CC2-AACA-2943CEF3F433',GETDATE(),GETDATE(),'100.00000','178B3184-9D6D-4F41-ACC0-C0CDAAFEDD30','2769202D-25D0-E000-E053-0A865E36C162')
INSERT INTO VAT_GMASSVOR_MSG (GMK_ID, GMK_CREATEDAT_VL, GMK_UPDATEDAT_VL, GMK_DEFKOSTEN_NR, GMK_GMK_BLK_NOR_ID, GMK_GMK_MTK_NOR_ID) VALUES( 'D6CFD79D-13D6-46AF-B9A6-29A4B2ED3F7D',GETDATE(),GETDATE(),'0.00000','062FAAA1-90BA-4A5E-845F-FDA9916BDB0A','6881CE74-AC99-4FD5-9282-2B00086AC4F3')
INSERT INTO VAT_GMASSVOR_MSG (GMK_ID, GMK_CREATEDAT_VL, GMK_UPDATEDAT_VL, GMK_DEFKOSTEN_NR, GMK_GMK_BLK_NOR_ID, GMK_GMK_MTK_NOR_ID) VALUES( '7BAF9C33-F8A0-4891-9833-2E73479780E7',GETDATE(),GETDATE(),'200.00000','C4400520-A2E0-4479-9814-2DCDB70E3BD1','2769202D-26D0-E000-E053-0A865E36C162')
INSERT INTO VAT_GMASSVOR_MSG (GMK_ID, GMK_CREATEDAT_VL, GMK_UPDATEDAT_VL, GMK_DEFKOSTEN_NR, GMK_GMK_BLK_NOR_ID, GMK_GMK_MTK_NOR_ID) VALUES( '9986A082-C125-4465-A93D-35558EDEFB24',GETDATE(),GETDATE(),'50.00000','C4400520-A2E0-4479-9814-2DCDB70E3BD1','2769202D-21D0-E000-E053-0A865E36C162')
INSERT INTO VAT_GMASSVOR_MSG (GMK_ID, GMK_CREATEDAT_VL, GMK_UPDATEDAT_VL, GMK_DEFKOSTEN_NR, GMK_GMK_BLK_NOR_ID, GMK_GMK_MTK_NOR_ID) VALUES( '44FE3C6A-E053-4CAB-8E8C-37048B2FB925',GETDATE(),GETDATE(),'125.00000','CDAB134E-B963-4083-B639-72DE5B55542D','2769202D-23D0-E000-E053-0A865E36C162')
INSERT INTO VAT_GMASSVOR_MSG (GMK_ID, GMK_CREATEDAT_VL, GMK_UPDATEDAT_VL, GMK_DEFKOSTEN_NR, GMK_GMK_BLK_NOR_ID, GMK_GMK_MTK_NOR_ID) VALUES( '05CC720B-9CAF-4DE3-9FA6-39F200C45CDF',GETDATE(),GETDATE(),'350.00000','178B3184-9D6D-4F41-ACC0-C0CDAAFEDD30','2769202D-22D0-E000-E053-0A865E36C162')
INSERT INTO VAT_GMASSVOR_MSG (GMK_ID, GMK_CREATEDAT_VL, GMK_UPDATEDAT_VL, GMK_DEFKOSTEN_NR, GMK_GMK_BLK_NOR_ID, GMK_GMK_MTK_NOR_ID) VALUES( 'F1776C2F-0342-478C-B42A-3F74DC2EFCF2',GETDATE(),GETDATE(),'200.00000','FE685F5C-5380-46BE-A3A8-4AE0A711110B','2769202D-26D0-E000-E053-0A865E36C162')
INSERT INTO VAT_GMASSVOR_MSG (GMK_ID, GMK_CREATEDAT_VL, GMK_UPDATEDAT_VL, GMK_DEFKOSTEN_NR, GMK_GMK_BLK_NOR_ID, GMK_GMK_MTK_NOR_ID) VALUES( 'F52384B3-C7DF-471F-82FB-4739B7482D9C',GETDATE(),GETDATE(),'0.00000','FE685F5C-5380-46BE-A3A8-4AE0A711110B','C9B96389-998C-49D6-A5C5-4C3094252732')
INSERT INTO VAT_GMASSVOR_MSG (GMK_ID, GMK_CREATEDAT_VL, GMK_UPDATEDAT_VL, GMK_DEFKOSTEN_NR, GMK_GMK_BLK_NOR_ID, GMK_GMK_MTK_NOR_ID) VALUES( 'C7F095BC-71F0-4AA4-8CA0-4882BAFBD82D',GETDATE(),GETDATE(),'350.00000','C4400520-A2E0-4479-9814-2DCDB70E3BD1','2769202D-22D0-E000-E053-0A865E36C162')
INSERT INTO VAT_GMASSVOR_MSG (GMK_ID, GMK_CREATEDAT_VL, GMK_UPDATEDAT_VL, GMK_DEFKOSTEN_NR, GMK_GMK_BLK_NOR_ID, GMK_GMK_MTK_NOR_ID) VALUES( '8726E6F5-1E18-4AAD-9CA3-4DAEF67EB1FE',GETDATE(),GETDATE(),'300.00000','685AC75A-9906-4B48-9FA8-DCEAF6E9D0D6','2769202D-24D0-E000-E053-0A865E36C162')
INSERT INTO VAT_GMASSVOR_MSG (GMK_ID, GMK_CREATEDAT_VL, GMK_UPDATEDAT_VL, GMK_DEFKOSTEN_NR, GMK_GMK_BLK_NOR_ID, GMK_GMK_MTK_NOR_ID) VALUES( '5FC8B5D4-3344-42D8-B861-5393A38F9C09',GETDATE(),GETDATE(),'300.00000','062FAAA1-90BA-4A5E-845F-FDA9916BDB0A','2769202D-24D0-E000-E053-0A865E36C162')
INSERT INTO VAT_GMASSVOR_MSG (GMK_ID, GMK_CREATEDAT_VL, GMK_UPDATEDAT_VL, GMK_DEFKOSTEN_NR, GMK_GMK_BLK_NOR_ID, GMK_GMK_MTK_NOR_ID) VALUES( '62528BE2-AFF1-4FD5-B279-58568F2422C0',GETDATE(),GETDATE(),'125.00000','514C5D7E-204D-4BF5-8F25-0BD35B928F1B','2769202D-23D0-E000-E053-0A865E36C162')
INSERT INTO VAT_GMASSVOR_MSG (GMK_ID, GMK_CREATEDAT_VL, GMK_UPDATEDAT_VL, GMK_DEFKOSTEN_NR, GMK_GMK_BLK_NOR_ID, GMK_GMK_MTK_NOR_ID) VALUES( 'EC42F7C3-07F4-45A1-8A3F-5A751820CDF7',GETDATE(),GETDATE(),'50.00000','178B3184-9D6D-4F41-ACC0-C0CDAAFEDD30','2769202D-21D0-E000-E053-0A865E36C162')
INSERT INTO VAT_GMASSVOR_MSG (GMK_ID, GMK_CREATEDAT_VL, GMK_UPDATEDAT_VL, GMK_DEFKOSTEN_NR, GMK_GMK_BLK_NOR_ID, GMK_GMK_MTK_NOR_ID) VALUES( '22EED81A-8DE6-40DA-9106-5EF272227DCC',GETDATE(),GETDATE(),'125.00000','C4400520-A2E0-4479-9814-2DCDB70E3BD1','2769202D-23D0-E000-E053-0A865E36C162')
INSERT INTO VAT_GMASSVOR_MSG (GMK_ID, GMK_CREATEDAT_VL, GMK_UPDATEDAT_VL, GMK_DEFKOSTEN_NR, GMK_GMK_BLK_NOR_ID, GMK_GMK_MTK_NOR_ID) VALUES( '448D545C-1095-47EE-8031-5F5ADE69F5C9',GETDATE(),GETDATE(),'300.00000','178B3184-9D6D-4F41-ACC0-C0CDAAFEDD30','2769202D-24D0-E000-E053-0A865E36C162')
INSERT INTO VAT_GMASSVOR_MSG (GMK_ID, GMK_CREATEDAT_VL, GMK_UPDATEDAT_VL, GMK_DEFKOSTEN_NR, GMK_GMK_BLK_NOR_ID, GMK_GMK_MTK_NOR_ID) VALUES( '23F8EDD5-625A-4E84-A239-606EBA3CBAF4',GETDATE(),GETDATE(),'200.00000','685AC75A-9906-4B48-9FA8-DCEAF6E9D0D6','2769202D-26D0-E000-E053-0A865E36C162')
INSERT INTO VAT_GMASSVOR_MSG (GMK_ID, GMK_CREATEDAT_VL, GMK_UPDATEDAT_VL, GMK_DEFKOSTEN_NR, GMK_GMK_BLK_NOR_ID, GMK_GMK_MTK_NOR_ID) VALUES( '93608CD1-A1C9-4D32-B0DC-610873B4251B',GETDATE(),GETDATE(),'300.00000','E73F807C-5986-4C41-9DC0-B077CCFF9423','2769202D-24D0-E000-E053-0A865E36C162')
INSERT INTO VAT_GMASSVOR_MSG (GMK_ID, GMK_CREATEDAT_VL, GMK_UPDATEDAT_VL, GMK_DEFKOSTEN_NR, GMK_GMK_BLK_NOR_ID, GMK_GMK_MTK_NOR_ID) VALUES( '712D15AF-6910-4620-959F-61A22BF51811',GETDATE(),GETDATE(),'100.00000','FE685F5C-5380-46BE-A3A8-4AE0A711110B','2769202D-25D0-E000-E053-0A865E36C162')
INSERT INTO VAT_GMASSVOR_MSG (GMK_ID, GMK_CREATEDAT_VL, GMK_UPDATEDAT_VL, GMK_DEFKOSTEN_NR, GMK_GMK_BLK_NOR_ID, GMK_GMK_MTK_NOR_ID) VALUES( '6C7FFCA2-B2CB-406A-972D-62E6EBAB5812',GETDATE(),GETDATE(),'200.00000','E7FFD19B-E82E-4CFD-8275-42CE74F21C3B','2769202D-26D0-E000-E053-0A865E36C162')
INSERT INTO VAT_GMASSVOR_MSG (GMK_ID, GMK_CREATEDAT_VL, GMK_UPDATEDAT_VL, GMK_DEFKOSTEN_NR, GMK_GMK_BLK_NOR_ID, GMK_GMK_MTK_NOR_ID) VALUES( '184B48FE-26C1-4529-8186-686659C031BE',GETDATE(),GETDATE(),'0.00000','C4400520-A2E0-4479-9814-2DCDB70E3BD1','6881CE74-AC99-4FD5-9282-2B00086AC4F3')
INSERT INTO VAT_GMASSVOR_MSG (GMK_ID, GMK_CREATEDAT_VL, GMK_UPDATEDAT_VL, GMK_DEFKOSTEN_NR, GMK_GMK_BLK_NOR_ID, GMK_GMK_MTK_NOR_ID) VALUES( '44FAE6D7-A30E-4617-AABE-688C1D3734F0',GETDATE(),GETDATE(),'350.00000','CDAB134E-B963-4083-B639-72DE5B55542D','2769202D-22D0-E000-E053-0A865E36C162')
INSERT INTO VAT_GMASSVOR_MSG (GMK_ID, GMK_CREATEDAT_VL, GMK_UPDATEDAT_VL, GMK_DEFKOSTEN_NR, GMK_GMK_BLK_NOR_ID, GMK_GMK_MTK_NOR_ID) VALUES( '419CBFC7-757C-40BE-B8B3-703666481435',GETDATE(),GETDATE(),'125.00000','685AC75A-9906-4B48-9FA8-DCEAF6E9D0D6','2769202D-23D0-E000-E053-0A865E36C162')
INSERT INTO VAT_GMASSVOR_MSG (GMK_ID, GMK_CREATEDAT_VL, GMK_UPDATEDAT_VL, GMK_DEFKOSTEN_NR, GMK_GMK_BLK_NOR_ID, GMK_GMK_MTK_NOR_ID) VALUES( 'D2417BE2-AABC-401A-9750-72722BEFF742',GETDATE(),GETDATE(),'0.00000','FE685F5C-5380-46BE-A3A8-4AE0A711110B','6881CE74-AC99-4FD5-9282-2B00086AC4F3')
INSERT INTO VAT_GMASSVOR_MSG (GMK_ID, GMK_CREATEDAT_VL, GMK_UPDATEDAT_VL, GMK_DEFKOSTEN_NR, GMK_GMK_BLK_NOR_ID, GMK_GMK_MTK_NOR_ID) VALUES( '9AA07CEE-3631-437A-BCBF-73A5279B2177',GETDATE(),GETDATE(),'100.00000','CDAB134E-B963-4083-B639-72DE5B55542D','2769202D-25D0-E000-E053-0A865E36C162')
INSERT INTO VAT_GMASSVOR_MSG (GMK_ID, GMK_CREATEDAT_VL, GMK_UPDATEDAT_VL, GMK_DEFKOSTEN_NR, GMK_GMK_BLK_NOR_ID, GMK_GMK_MTK_NOR_ID) VALUES( 'F045F717-DC1A-4B31-8178-753BD46FB145',GETDATE(),GETDATE(),'350.00000','514C5D7E-204D-4BF5-8F25-0BD35B928F1B','2769202D-22D0-E000-E053-0A865E36C162')
INSERT INTO VAT_GMASSVOR_MSG (GMK_ID, GMK_CREATEDAT_VL, GMK_UPDATEDAT_VL, GMK_DEFKOSTEN_NR, GMK_GMK_BLK_NOR_ID, GMK_GMK_MTK_NOR_ID) VALUES( 'DBFB6C97-9239-41F1-BFFB-7959017F015F',GETDATE(),GETDATE(),'300.00000','C4400520-A2E0-4479-9814-2DCDB70E3BD1','2769202D-24D0-E000-E053-0A865E36C162')
INSERT INTO VAT_GMASSVOR_MSG (GMK_ID, GMK_CREATEDAT_VL, GMK_UPDATEDAT_VL, GMK_DEFKOSTEN_NR, GMK_GMK_BLK_NOR_ID, GMK_GMK_MTK_NOR_ID) VALUES( '6F8D513A-C789-4468-AF03-803C79C5BE68',GETDATE(),GETDATE(),'350.00000','685AC75A-9906-4B48-9FA8-DCEAF6E9D0D6','2769202D-22D0-E000-E053-0A865E36C162')
INSERT INTO VAT_GMASSVOR_MSG (GMK_ID, GMK_CREATEDAT_VL, GMK_UPDATEDAT_VL, GMK_DEFKOSTEN_NR, GMK_GMK_BLK_NOR_ID, GMK_GMK_MTK_NOR_ID) VALUES( '47E35D15-371B-4C37-A400-8041FABB55CB',GETDATE(),GETDATE(),'50.00000','685AC75A-9906-4B48-9FA8-DCEAF6E9D0D6','2769202D-21D0-E000-E053-0A865E36C162')
INSERT INTO VAT_GMASSVOR_MSG (GMK_ID, GMK_CREATEDAT_VL, GMK_UPDATEDAT_VL, GMK_DEFKOSTEN_NR, GMK_GMK_BLK_NOR_ID, GMK_GMK_MTK_NOR_ID) VALUES( '4891A209-BE28-43DD-99E7-816CAFCE7A74',GETDATE(),GETDATE(),'300.00000','CDAB134E-B963-4083-B639-72DE5B55542D','2769202D-24D0-E000-E053-0A865E36C162')
INSERT INTO VAT_GMASSVOR_MSG (GMK_ID, GMK_CREATEDAT_VL, GMK_UPDATEDAT_VL, GMK_DEFKOSTEN_NR, GMK_GMK_BLK_NOR_ID, GMK_GMK_MTK_NOR_ID) VALUES( 'A98C8D27-8D48-40AD-9FEF-81CB9322AAA7',GETDATE(),GETDATE(),'200.00000','178B3184-9D6D-4F41-ACC0-C0CDAAFEDD30','2769202D-26D0-E000-E053-0A865E36C162')
INSERT INTO VAT_GMASSVOR_MSG (GMK_ID, GMK_CREATEDAT_VL, GMK_UPDATEDAT_VL, GMK_DEFKOSTEN_NR, GMK_GMK_BLK_NOR_ID, GMK_GMK_MTK_NOR_ID) VALUES( '4CF2073A-2111-40CA-BFC6-83482B5AE6D7',GETDATE(),GETDATE(),'350.00000','1C04104F-59C4-4B77-8863-D0EBF4B89374','2769202D-22D0-E000-E053-0A865E36C162')
INSERT INTO VAT_GMASSVOR_MSG (GMK_ID, GMK_CREATEDAT_VL, GMK_UPDATEDAT_VL, GMK_DEFKOSTEN_NR, GMK_GMK_BLK_NOR_ID, GMK_GMK_MTK_NOR_ID) VALUES( '22BCF148-44FE-467C-97E1-84FB6F4CE92B',GETDATE(),GETDATE(),'350.00000','E7FFD19B-E82E-4CFD-8275-42CE74F21C3B','2769202D-22D0-E000-E053-0A865E36C162')
INSERT INTO VAT_GMASSVOR_MSG (GMK_ID, GMK_CREATEDAT_VL, GMK_UPDATEDAT_VL, GMK_DEFKOSTEN_NR, GMK_GMK_BLK_NOR_ID, GMK_GMK_MTK_NOR_ID) VALUES( '8DF9B620-0EE4-4AE9-AC92-84FE1C293709',GETDATE(),GETDATE(),'200.00000','CDAB134E-B963-4083-B639-72DE5B55542D','2769202D-26D0-E000-E053-0A865E36C162')
INSERT INTO VAT_GMASSVOR_MSG (GMK_ID, GMK_CREATEDAT_VL, GMK_UPDATEDAT_VL, GMK_DEFKOSTEN_NR, GMK_GMK_BLK_NOR_ID, GMK_GMK_MTK_NOR_ID) VALUES( '3F43165A-5BAD-4696-A0EC-86C9E623CC69',GETDATE(),GETDATE(),'300.00000','514C5D7E-204D-4BF5-8F25-0BD35B928F1B','2769202D-24D0-E000-E053-0A865E36C162')
INSERT INTO VAT_GMASSVOR_MSG (GMK_ID, GMK_CREATEDAT_VL, GMK_UPDATEDAT_VL, GMK_DEFKOSTEN_NR, GMK_GMK_BLK_NOR_ID, GMK_GMK_MTK_NOR_ID) VALUES( 'E7992B8B-66F0-4D8E-AC97-8B78BC2EE033',GETDATE(),GETDATE(),'350.00000','062FAAA1-90BA-4A5E-845F-FDA9916BDB0A','2769202D-22D0-E000-E053-0A865E36C162')
INSERT INTO VAT_GMASSVOR_MSG (GMK_ID, GMK_CREATEDAT_VL, GMK_UPDATEDAT_VL, GMK_DEFKOSTEN_NR, GMK_GMK_BLK_NOR_ID, GMK_GMK_MTK_NOR_ID) VALUES( '656F18E6-7BBE-4DA7-89E6-8E5A86D6AC9B',GETDATE(),GETDATE(),'200.00000','40143851-612E-4CAC-B828-92FCC01F05E0','2769202D-26D0-E000-E053-0A865E36C162')
INSERT INTO VAT_GMASSVOR_MSG (GMK_ID, GMK_CREATEDAT_VL, GMK_UPDATEDAT_VL, GMK_DEFKOSTEN_NR, GMK_GMK_BLK_NOR_ID, GMK_GMK_MTK_NOR_ID) VALUES( 'B5276971-9D2D-4ABD-AA6E-9185BD4F92E2',GETDATE(),GETDATE(),'0.00000','CDAB134E-B963-4083-B639-72DE5B55542D','C9B96389-998C-49D6-A5C5-4C3094252732')
INSERT INTO VAT_GMASSVOR_MSG (GMK_ID, GMK_CREATEDAT_VL, GMK_UPDATEDAT_VL, GMK_DEFKOSTEN_NR, GMK_GMK_BLK_NOR_ID, GMK_GMK_MTK_NOR_ID) VALUES( '4C594C0D-9CC4-4486-BE4D-91B9C5A0B32E',GETDATE(),GETDATE(),'300.00000','40143851-612E-4CAC-B828-92FCC01F05E0','2769202D-24D0-E000-E053-0A865E36C162')
INSERT INTO VAT_GMASSVOR_MSG (GMK_ID, GMK_CREATEDAT_VL, GMK_UPDATEDAT_VL, GMK_DEFKOSTEN_NR, GMK_GMK_BLK_NOR_ID, GMK_GMK_MTK_NOR_ID) VALUES( '88A961F1-9F1D-4879-9257-9746144D5995',GETDATE(),GETDATE(),'300.00000','1C04104F-59C4-4B77-8863-D0EBF4B89374','2769202D-24D0-E000-E053-0A865E36C162')
INSERT INTO VAT_GMASSVOR_MSG (GMK_ID, GMK_CREATEDAT_VL, GMK_UPDATEDAT_VL, GMK_DEFKOSTEN_NR, GMK_GMK_BLK_NOR_ID, GMK_GMK_MTK_NOR_ID) VALUES( '1B1297F0-4EC0-472C-A58E-97C61DC65D94',GETDATE(),GETDATE(),'200.00000','062FAAA1-90BA-4A5E-845F-FDA9916BDB0A','2769202D-26D0-E000-E053-0A865E36C162')
INSERT INTO VAT_GMASSVOR_MSG (GMK_ID, GMK_CREATEDAT_VL, GMK_UPDATEDAT_VL, GMK_DEFKOSTEN_NR, GMK_GMK_BLK_NOR_ID, GMK_GMK_MTK_NOR_ID) VALUES( '3C1D4610-CCD4-442B-96D9-99D41A70CE9E',GETDATE(),GETDATE(),'50.00000','FE685F5C-5380-46BE-A3A8-4AE0A711110B','2769202D-21D0-E000-E053-0A865E36C162')
INSERT INTO VAT_GMASSVOR_MSG (GMK_ID, GMK_CREATEDAT_VL, GMK_UPDATEDAT_VL, GMK_DEFKOSTEN_NR, GMK_GMK_BLK_NOR_ID, GMK_GMK_MTK_NOR_ID) VALUES( '0994CD16-C35E-418D-B64F-9A809903DE30',GETDATE(),GETDATE(),'0.00000','1C04104F-59C4-4B77-8863-D0EBF4B89374','C9B96389-998C-49D6-A5C5-4C3094252732')
INSERT INTO VAT_GMASSVOR_MSG (GMK_ID, GMK_CREATEDAT_VL, GMK_UPDATEDAT_VL, GMK_DEFKOSTEN_NR, GMK_GMK_BLK_NOR_ID, GMK_GMK_MTK_NOR_ID) VALUES( '231842F5-D647-41C6-966C-9E63267A7C72',GETDATE(),GETDATE(),'100.00000','40143851-612E-4CAC-B828-92FCC01F05E0','2769202D-25D0-E000-E053-0A865E36C162')
INSERT INTO VAT_GMASSVOR_MSG (GMK_ID, GMK_CREATEDAT_VL, GMK_UPDATEDAT_VL, GMK_DEFKOSTEN_NR, GMK_GMK_BLK_NOR_ID, GMK_GMK_MTK_NOR_ID) VALUES( '57BBD2AE-9499-404D-8F6F-9F135D163193',GETDATE(),GETDATE(),'0.00000','CDAB134E-B963-4083-B639-72DE5B55542D','6881CE74-AC99-4FD5-9282-2B00086AC4F3')
INSERT INTO VAT_GMASSVOR_MSG (GMK_ID, GMK_CREATEDAT_VL, GMK_UPDATEDAT_VL, GMK_DEFKOSTEN_NR, GMK_GMK_BLK_NOR_ID, GMK_GMK_MTK_NOR_ID) VALUES( '67FAC86B-FB98-40FA-9543-A1CCD610D204',GETDATE(),GETDATE(),'0.00000','062FAAA1-90BA-4A5E-845F-FDA9916BDB0A','C9B96389-998C-49D6-A5C5-4C3094252732')
INSERT INTO VAT_GMASSVOR_MSG (GMK_ID, GMK_CREATEDAT_VL, GMK_UPDATEDAT_VL, GMK_DEFKOSTEN_NR, GMK_GMK_BLK_NOR_ID, GMK_GMK_MTK_NOR_ID) VALUES( '260507A3-481B-4206-ABF5-A2EDC886041F',GETDATE(),GETDATE(),'125.00000','E7FFD19B-E82E-4CFD-8275-42CE74F21C3B','2769202D-23D0-E000-E053-0A865E36C162')
INSERT INTO VAT_GMASSVOR_MSG (GMK_ID, GMK_CREATEDAT_VL, GMK_UPDATEDAT_VL, GMK_DEFKOSTEN_NR, GMK_GMK_BLK_NOR_ID, GMK_GMK_MTK_NOR_ID) VALUES( 'AF274170-56CC-4C5D-8500-A3DB3E60AF6F',GETDATE(),GETDATE(),'100.00000','1C04104F-59C4-4B77-8863-D0EBF4B89374','2769202D-25D0-E000-E053-0A865E36C162')
INSERT INTO VAT_GMASSVOR_MSG (GMK_ID, GMK_CREATEDAT_VL, GMK_UPDATEDAT_VL, GMK_DEFKOSTEN_NR, GMK_GMK_BLK_NOR_ID, GMK_GMK_MTK_NOR_ID) VALUES( '7FF6B457-8149-4CE2-9750-A4E32AF5BFF4',GETDATE(),GETDATE(),'300.00000','FE685F5C-5380-46BE-A3A8-4AE0A711110B','2769202D-24D0-E000-E053-0A865E36C162')
INSERT INTO VAT_GMASSVOR_MSG (GMK_ID, GMK_CREATEDAT_VL, GMK_UPDATEDAT_VL, GMK_DEFKOSTEN_NR, GMK_GMK_BLK_NOR_ID, GMK_GMK_MTK_NOR_ID) VALUES( '14C861B4-AC70-4003-862F-A7AA7118566F',GETDATE(),GETDATE(),'0.00000','E7FFD19B-E82E-4CFD-8275-42CE74F21C3B','6881CE74-AC99-4FD5-9282-2B00086AC4F3')
INSERT INTO VAT_GMASSVOR_MSG (GMK_ID, GMK_CREATEDAT_VL, GMK_UPDATEDAT_VL, GMK_DEFKOSTEN_NR, GMK_GMK_BLK_NOR_ID, GMK_GMK_MTK_NOR_ID) VALUES( 'A92D2F9A-3868-41B1-A32A-AC89B358A992',GETDATE(),GETDATE(),'0.00000','1C04104F-59C4-4B77-8863-D0EBF4B89374','6881CE74-AC99-4FD5-9282-2B00086AC4F3')
INSERT INTO VAT_GMASSVOR_MSG (GMK_ID, GMK_CREATEDAT_VL, GMK_UPDATEDAT_VL, GMK_DEFKOSTEN_NR, GMK_GMK_BLK_NOR_ID, GMK_GMK_MTK_NOR_ID) VALUES( 'B1A3EB26-AFFD-4FF9-B415-AE231BAB18DF',GETDATE(),GETDATE(),'0.00000','E7FFD19B-E82E-4CFD-8275-42CE74F21C3B','C9B96389-998C-49D6-A5C5-4C3094252732')
INSERT INTO VAT_GMASSVOR_MSG (GMK_ID, GMK_CREATEDAT_VL, GMK_UPDATEDAT_VL, GMK_DEFKOSTEN_NR, GMK_GMK_BLK_NOR_ID, GMK_GMK_MTK_NOR_ID) VALUES( 'C3BC846F-35A9-489A-85AE-AE81892C9F24',GETDATE(),GETDATE(),'0.00000','40143851-612E-4CAC-B828-92FCC01F05E0','C9B96389-998C-49D6-A5C5-4C3094252732')
INSERT INTO VAT_GMASSVOR_MSG (GMK_ID, GMK_CREATEDAT_VL, GMK_UPDATEDAT_VL, GMK_DEFKOSTEN_NR, GMK_GMK_BLK_NOR_ID, GMK_GMK_MTK_NOR_ID) VALUES( '4600D635-AC5A-4F01-BB5D-AFE17CB10D17',GETDATE(),GETDATE(),'100.00000','514C5D7E-204D-4BF5-8F25-0BD35B928F1B','2769202D-25D0-E000-E053-0A865E36C162')
INSERT INTO VAT_GMASSVOR_MSG (GMK_ID, GMK_CREATEDAT_VL, GMK_UPDATEDAT_VL, GMK_DEFKOSTEN_NR, GMK_GMK_BLK_NOR_ID, GMK_GMK_MTK_NOR_ID) VALUES( '1041A3A5-7604-4D4C-AC4F-B63BBC9EF0E3',GETDATE(),GETDATE(),'200.00000','E73F807C-5986-4C41-9DC0-B077CCFF9423','2769202D-26D0-E000-E053-0A865E36C162')
INSERT INTO VAT_GMASSVOR_MSG (GMK_ID, GMK_CREATEDAT_VL, GMK_UPDATEDAT_VL, GMK_DEFKOSTEN_NR, GMK_GMK_BLK_NOR_ID, GMK_GMK_MTK_NOR_ID) VALUES( '8B2923B7-9BED-4CE7-A9A1-B726A9FA850B',GETDATE(),GETDATE(),'50.00000','CDAB134E-B963-4083-B639-72DE5B55542D','2769202D-21D0-E000-E053-0A865E36C162')
INSERT INTO VAT_GMASSVOR_MSG (GMK_ID, GMK_CREATEDAT_VL, GMK_UPDATEDAT_VL, GMK_DEFKOSTEN_NR, GMK_GMK_BLK_NOR_ID, GMK_GMK_MTK_NOR_ID) VALUES( '726DF5AC-BFA9-41B7-A552-BAAFC88B7EF5',GETDATE(),GETDATE(),'100.00000','685AC75A-9906-4B48-9FA8-DCEAF6E9D0D6','2769202D-25D0-E000-E053-0A865E36C162')
INSERT INTO VAT_GMASSVOR_MSG (GMK_ID, GMK_CREATEDAT_VL, GMK_UPDATEDAT_VL, GMK_DEFKOSTEN_NR, GMK_GMK_BLK_NOR_ID, GMK_GMK_MTK_NOR_ID) VALUES( 'DC4993AC-ADEF-4997-B19A-BBC6AB7313E2',GETDATE(),GETDATE(),'125.00000','178B3184-9D6D-4F41-ACC0-C0CDAAFEDD30','2769202D-23D0-E000-E053-0A865E36C162')
INSERT INTO VAT_GMASSVOR_MSG (GMK_ID, GMK_CREATEDAT_VL, GMK_UPDATEDAT_VL, GMK_DEFKOSTEN_NR, GMK_GMK_BLK_NOR_ID, GMK_GMK_MTK_NOR_ID) VALUES( '8DCC3ACB-8833-483F-999E-BBF6542936AD',GETDATE(),GETDATE(),'100.00000','E73F807C-5986-4C41-9DC0-B077CCFF9423','2769202D-25D0-E000-E053-0A865E36C162')
INSERT INTO VAT_GMASSVOR_MSG (GMK_ID, GMK_CREATEDAT_VL, GMK_UPDATEDAT_VL, GMK_DEFKOSTEN_NR, GMK_GMK_BLK_NOR_ID, GMK_GMK_MTK_NOR_ID) VALUES( '6D3E39C7-3DE3-411B-A910-BEA429FBE65A',GETDATE(),GETDATE(),'0.00000','514C5D7E-204D-4BF5-8F25-0BD35B928F1B','C9B96389-998C-49D6-A5C5-4C3094252732')
INSERT INTO VAT_GMASSVOR_MSG (GMK_ID, GMK_CREATEDAT_VL, GMK_UPDATEDAT_VL, GMK_DEFKOSTEN_NR, GMK_GMK_BLK_NOR_ID, GMK_GMK_MTK_NOR_ID) VALUES( '9C8103F7-9BCA-43EB-8108-C23296077D60',GETDATE(),GETDATE(),'0.00000','E73F807C-5986-4C41-9DC0-B077CCFF9423','6881CE74-AC99-4FD5-9282-2B00086AC4F3')
INSERT INTO VAT_GMASSVOR_MSG (GMK_ID, GMK_CREATEDAT_VL, GMK_UPDATEDAT_VL, GMK_DEFKOSTEN_NR, GMK_GMK_BLK_NOR_ID, GMK_GMK_MTK_NOR_ID) VALUES( '4C89F1D0-0462-4FFE-A295-C573B76BE1C5',GETDATE(),GETDATE(),'125.00000','FE685F5C-5380-46BE-A3A8-4AE0A711110B','2769202D-23D0-E000-E053-0A865E36C162')
INSERT INTO VAT_GMASSVOR_MSG (GMK_ID, GMK_CREATEDAT_VL, GMK_UPDATEDAT_VL, GMK_DEFKOSTEN_NR, GMK_GMK_BLK_NOR_ID, GMK_GMK_MTK_NOR_ID) VALUES( '0ED1C820-071E-4B46-86B2-C910D8F047FB',GETDATE(),GETDATE(),'125.00000','40143851-612E-4CAC-B828-92FCC01F05E0','2769202D-23D0-E000-E053-0A865E36C162')
INSERT INTO VAT_GMASSVOR_MSG (GMK_ID, GMK_CREATEDAT_VL, GMK_UPDATEDAT_VL, GMK_DEFKOSTEN_NR, GMK_GMK_BLK_NOR_ID, GMK_GMK_MTK_NOR_ID) VALUES( '33138662-F688-4577-A636-CB6B8DDB0814',GETDATE(),GETDATE(),'200.00000','514C5D7E-204D-4BF5-8F25-0BD35B928F1B','2769202D-26D0-E000-E053-0A865E36C162')
INSERT INTO VAT_GMASSVOR_MSG (GMK_ID, GMK_CREATEDAT_VL, GMK_UPDATEDAT_VL, GMK_DEFKOSTEN_NR, GMK_GMK_BLK_NOR_ID, GMK_GMK_MTK_NOR_ID) VALUES( 'A528E1CA-1CB2-43AA-A22A-CD3D4298DB96',GETDATE(),GETDATE(),'350.00000','FE685F5C-5380-46BE-A3A8-4AE0A711110B','2769202D-22D0-E000-E053-0A865E36C162')
INSERT INTO VAT_GMASSVOR_MSG (GMK_ID, GMK_CREATEDAT_VL, GMK_UPDATEDAT_VL, GMK_DEFKOSTEN_NR, GMK_GMK_BLK_NOR_ID, GMK_GMK_MTK_NOR_ID) VALUES( '889D776A-7699-41C4-9172-D0F0155E491F',GETDATE(),GETDATE(),'0.00000','514C5D7E-204D-4BF5-8F25-0BD35B928F1B','6881CE74-AC99-4FD5-9282-2B00086AC4F3')
INSERT INTO VAT_GMASSVOR_MSG (GMK_ID, GMK_CREATEDAT_VL, GMK_UPDATEDAT_VL, GMK_DEFKOSTEN_NR, GMK_GMK_BLK_NOR_ID, GMK_GMK_MTK_NOR_ID) VALUES( '8F8C1EB5-7455-4702-871E-D10A22E714B6',GETDATE(),GETDATE(),'0.00000','C4400520-A2E0-4479-9814-2DCDB70E3BD1','C9B96389-998C-49D6-A5C5-4C3094252732')
INSERT INTO VAT_GMASSVOR_MSG (GMK_ID, GMK_CREATEDAT_VL, GMK_UPDATEDAT_VL, GMK_DEFKOSTEN_NR, GMK_GMK_BLK_NOR_ID, GMK_GMK_MTK_NOR_ID) VALUES( 'EFA71037-5EF6-4CE2-8D20-D631A1B1D9F8',GETDATE(),GETDATE(),'100.00000','E7FFD19B-E82E-4CFD-8275-42CE74F21C3B','2769202D-25D0-E000-E053-0A865E36C162')
INSERT INTO VAT_GMASSVOR_MSG (GMK_ID, GMK_CREATEDAT_VL, GMK_UPDATEDAT_VL, GMK_DEFKOSTEN_NR, GMK_GMK_BLK_NOR_ID, GMK_GMK_MTK_NOR_ID) VALUES( 'EA37CA59-6714-476E-9904-D991D3059BF1',GETDATE(),GETDATE(),'50.00000','E73F807C-5986-4C41-9DC0-B077CCFF9423','2769202D-21D0-E000-E053-0A865E36C162')
INSERT INTO VAT_GMASSVOR_MSG (GMK_ID, GMK_CREATEDAT_VL, GMK_UPDATEDAT_VL, GMK_DEFKOSTEN_NR, GMK_GMK_BLK_NOR_ID, GMK_GMK_MTK_NOR_ID) VALUES( 'CECAC5C2-3B61-4D2E-962C-DD08F60FA9E1',GETDATE(),GETDATE(),'50.00000','40143851-612E-4CAC-B828-92FCC01F05E0','2769202D-21D0-E000-E053-0A865E36C162')
INSERT INTO VAT_GMASSVOR_MSG (GMK_ID, GMK_CREATEDAT_VL, GMK_UPDATEDAT_VL, GMK_DEFKOSTEN_NR, GMK_GMK_BLK_NOR_ID, GMK_GMK_MTK_NOR_ID) VALUES( '62AA121A-D72F-4A56-9C16-E1B11E2B3551',GETDATE(),GETDATE(),'125.00000','E73F807C-5986-4C41-9DC0-B077CCFF9423','2769202D-23D0-E000-E053-0A865E36C162')
INSERT INTO VAT_GMASSVOR_MSG (GMK_ID, GMK_CREATEDAT_VL, GMK_UPDATEDAT_VL, GMK_DEFKOSTEN_NR, GMK_GMK_BLK_NOR_ID, GMK_GMK_MTK_NOR_ID) VALUES( '2D6E441B-BE56-4311-A953-EA560DF33BDF',GETDATE(),GETDATE(),'100.00000','062FAAA1-90BA-4A5E-845F-FDA9916BDB0A','2769202D-25D0-E000-E053-0A865E36C162')
INSERT INTO VAT_GMASSVOR_MSG (GMK_ID, GMK_CREATEDAT_VL, GMK_UPDATEDAT_VL, GMK_DEFKOSTEN_NR, GMK_GMK_BLK_NOR_ID, GMK_GMK_MTK_NOR_ID) VALUES( 'AFA35809-CD0D-4BDC-9DD6-F1A5C3C138EF',GETDATE(),GETDATE(),'50.00000','062FAAA1-90BA-4A5E-845F-FDA9916BDB0A','2769202D-21D0-E000-E053-0A865E36C162')
INSERT INTO VAT_GMASSVOR_MSG (GMK_ID, GMK_CREATEDAT_VL, GMK_UPDATEDAT_VL, GMK_DEFKOSTEN_NR, GMK_GMK_BLK_NOR_ID, GMK_GMK_MTK_NOR_ID) VALUES( '1FA0568E-5EE4-45B8-B2ED-F49FF9C90D69',GETDATE(),GETDATE(),'50.00000','1C04104F-59C4-4B77-8863-D0EBF4B89374','2769202D-21D0-E000-E053-0A865E36C162')

--GlobalWiederbeschaffungswertKatalog
INSERT INTO VAT_GWBBKAT_MSG (GWK_ID, GWK_CREATEDAT_VL, GWK_UPDATEDAT_VL, GWK_FLAEGESFB_NR, GWK_FLAECHEFB_NR, GWK_FLAECHETR_NR, GWK_ALTERUNGI_NR, GWK_ALTERUNGII_NR, GWK_GWK_BLK_NOR_ID) VALUES( '033964E7-4E54-404E-A5C5-30F90F9016E1',GETDATE(),GETDATE(),'0.00000','0.00000','0.00000','0.00000','0.00000','062FAAA1-90BA-4A5E-845F-FDA9916BDB0A')
INSERT INTO VAT_GWBBKAT_MSG (GWK_ID, GWK_CREATEDAT_VL, GWK_UPDATEDAT_VL, GWK_FLAEGESFB_NR, GWK_FLAECHEFB_NR, GWK_FLAECHETR_NR, GWK_ALTERUNGI_NR, GWK_ALTERUNGII_NR, GWK_GWK_BLK_NOR_ID) VALUES( 'E29C34EC-F653-4B46-895F-4267ABAAA84C',GETDATE(),GETDATE(),'400.00000','320.00000','150.00000','1.60000','1.30000','1C04104F-59C4-4B77-8863-D0EBF4B89374')
INSERT INTO VAT_GWBBKAT_MSG (GWK_ID, GWK_CREATEDAT_VL, GWK_UPDATEDAT_VL, GWK_FLAEGESFB_NR, GWK_FLAECHEFB_NR, GWK_FLAECHETR_NR, GWK_ALTERUNGI_NR, GWK_ALTERUNGII_NR, GWK_GWK_BLK_NOR_ID) VALUES( 'F8A4E4CD-B4E8-4B0E-9696-4A1D56A7DC13',GETDATE(),GETDATE(),'0.00000','0.00000','0.00000','0.00000','0.00000','CDAB134E-B963-4083-B639-72DE5B55542D')
INSERT INTO VAT_GWBBKAT_MSG (GWK_ID, GWK_CREATEDAT_VL, GWK_UPDATEDAT_VL, GWK_FLAEGESFB_NR, GWK_FLAECHEFB_NR, GWK_FLAECHETR_NR, GWK_ALTERUNGI_NR, GWK_ALTERUNGII_NR, GWK_GWK_BLK_NOR_ID) VALUES( '41CE71E5-3370-4919-8EA6-82BCB0927B7C',GETDATE(),GETDATE(),'140.00000','140.00000','150.00000','1.40000','0.90000','514C5D7E-204D-4BF5-8F25-0BD35B928F1B')
INSERT INTO VAT_GWBBKAT_MSG (GWK_ID, GWK_CREATEDAT_VL, GWK_UPDATEDAT_VL, GWK_FLAEGESFB_NR, GWK_FLAECHEFB_NR, GWK_FLAECHETR_NR, GWK_ALTERUNGI_NR, GWK_ALTERUNGII_NR, GWK_GWK_BLK_NOR_ID) VALUES( '44D60C35-CA9C-4861-82AC-887B13B4F7FF',GETDATE(),GETDATE(),'0.00000','0.00000','0.00000','0.00000','0.00000','685AC75A-9906-4B48-9FA8-DCEAF6E9D0D6')
INSERT INTO VAT_GWBBKAT_MSG (GWK_ID, GWK_CREATEDAT_VL, GWK_UPDATEDAT_VL, GWK_FLAEGESFB_NR, GWK_FLAECHEFB_NR, GWK_FLAECHETR_NR, GWK_ALTERUNGI_NR, GWK_ALTERUNGII_NR, GWK_GWK_BLK_NOR_ID) VALUES( '3AFAC0CD-126A-4CC2-9ABD-8ACBBD20FE37',GETDATE(),GETDATE(),'340.00000','300.00000','115.00000','2.60000','2.10000','C4400520-A2E0-4479-9814-2DCDB70E3BD1')
INSERT INTO VAT_GWBBKAT_MSG (GWK_ID, GWK_CREATEDAT_VL, GWK_UPDATEDAT_VL, GWK_FLAEGESFB_NR, GWK_FLAECHEFB_NR, GWK_FLAECHETR_NR, GWK_ALTERUNGI_NR, GWK_ALTERUNGII_NR, GWK_GWK_BLK_NOR_ID) VALUES( 'C2EC0420-7CDD-4202-A0DA-8D6F3AFEBF5E',GETDATE(),GETDATE(),'430.00000','340.00000','125.00000','2.20000','1.90000','FE685F5C-5380-46BE-A3A8-4AE0A711110B')
INSERT INTO VAT_GWBBKAT_MSG (GWK_ID, GWK_CREATEDAT_VL, GWK_UPDATEDAT_VL, GWK_FLAEGESFB_NR, GWK_FLAECHEFB_NR, GWK_FLAECHETR_NR, GWK_ALTERUNGI_NR, GWK_ALTERUNGII_NR, GWK_GWK_BLK_NOR_ID) VALUES( '43C8347E-0209-4351-86D5-8EFB62C55DE8',GETDATE(),GETDATE(),'0.00000','0.00000','0.00000','0.00000','0.00000','E7FFD19B-E82E-4CFD-8275-42CE74F21C3B')
INSERT INTO VAT_GWBBKAT_MSG (GWK_ID, GWK_CREATEDAT_VL, GWK_UPDATEDAT_VL, GWK_FLAEGESFB_NR, GWK_FLAECHEFB_NR, GWK_FLAECHETR_NR, GWK_ALTERUNGI_NR, GWK_ALTERUNGII_NR, GWK_GWK_BLK_NOR_ID) VALUES( 'ED251FEB-1037-42C1-8B52-CB19B8D939B5',GETDATE(),GETDATE(),'430.00000','380.00000','150.00000','1.60000','1.30000','178B3184-9D6D-4F41-ACC0-C0CDAAFEDD30')
INSERT INTO VAT_GWBBKAT_MSG (GWK_ID, GWK_CREATEDAT_VL, GWK_UPDATEDAT_VL, GWK_FLAEGESFB_NR, GWK_FLAECHEFB_NR, GWK_FLAECHETR_NR, GWK_ALTERUNGI_NR, GWK_ALTERUNGII_NR, GWK_GWK_BLK_NOR_ID) VALUES( '8D42420B-923B-4EF7-B346-F69FB7D3700B',GETDATE(),GETDATE(),'380.00000','310.00000','125.00000','1.80000','1.40000','E73F807C-5986-4C41-9DC0-B077CCFF9423')
INSERT INTO VAT_GWBBKAT_MSG (GWK_ID, GWK_CREATEDAT_VL, GWK_UPDATEDAT_VL, GWK_FLAEGESFB_NR, GWK_FLAECHEFB_NR, GWK_FLAECHETR_NR, GWK_ALTERUNGI_NR, GWK_ALTERUNGII_NR, GWK_GWK_BLK_NOR_ID) VALUES( 'E8675B61-3CE5-4528-9C7F-FAF004643BD5',GETDATE(),GETDATE(),'0.00000','0.00000','0.00000','0.00000','0.00000','40143851-612E-4CAC-B828-92FCC01F05E0')

--Identity roles
INSERT INTO AspNetRoles(Id, Name) VALUES('8de45505-ec94-4835-aa90-73345f588ce4','Applikationsadministrator')
INSERT INTO AspNetRoles(Id, Name) VALUES('8033a13f-b98c-4bff-9464-96822639bf55','Applikationssupporter')
INSERT INTO AspNetRoles(Id, Name) VALUES('7725fbeb-333a-4eb6-bc57-fb9b12bdc79c','Benchmarkteilnehmer')
INSERT INTO AspNetRoles(Id, Name) VALUES('474a2614-fcef-4419-bd4b-0b5446df727e','Benutzeradministrator')
INSERT INTO AspNetRoles(Id, Name) VALUES('422f24e4-1898-48c0-9806-138006f8454a','DataManager')
INSERT INTO AspNetRoles(Id, Name) VALUES('9815de76-ff70-4d5d-a35b-99915e53db1e','DataReader')